{
  "User": [
    {
      "id": "0fa1",
      "firstname": "srushti",
      "lastname": "bhanderi",
      "age": "20",
      "profession": "devloper",
      "number": "1243667854",
      "image": null
    },
    {
      "id": "e7c0",
      "firstname": "jasmi",
      "lastname": "mulani",
      "age": "19",
      "profession": "devloper",
      "number": "9876756789",
      "image": null
    },
    {
      "id": "7dbe",
      "firstname": "ashiti",
      "lastname": "dhanani",
      "age": "20",
      "profession": "devloper",
      "number": "1654578987",
      "image": null
    },
    {
      "id": "d85c",
      "firstname": "vishva",
      "lastname": "hirpara",
      "age": "20",
      "profession": "devloper",
      "number": "768564356",
      "image": null
    }
  ]
}